index,Order ID,Date,Status,Fulfilment,Sales Channel ,ship-service-level,Style,SKU,Category,Size,ASIN,Courier Status,Qty,currency,Total,ship-city,ship-state,ship-postal-code,ship-country,promotion-ids,B2B,,
0,405-8078784-5731545,04-30-22,Cancelled,Merchant,Amazon.in,Standard,SET389,SET389-KR-NP-S,Set,S,B09KXVBD7Z,,0,INR,647.62,MUMBAI,MAHARASHTRA,400081,IN,,FALSE,,
1,171-9198151-1101146,04-30-22,Shipped - Delivered to Buyer,Merchant,Amazon.in,Standard,JNE3781,JNE3781-KR-XXXL,kurta,3XL,B09K3WFS32,Shipped,1,INR,406,BENGALURU,KARNATAKA,560085,IN,"Amazon PLCC Free-Financing Universal Merchant AAT-WNKTBO3K27EJC,Amazon PLCC Free-Financing Universal Merchant AAT-QX3UCCJESKPA2,Amazon PLCC Free-Financing Universal Merchant AAT-5QQ7BIYYQEDN2,Amazon PLCC Free-Financing Universal Merchant AAT-DSJ2QRXXWXVMQ,Amazon PLCC Free-Financing Universal Merchant AAT-CXJHMC2YJUK76,Amazon PLCC Free-Financing Universal Merchant AAT-CC4FAVTYR4X7C,Amazon PLCC Free-Financing Universal Merchant AAT-XXRCW6NZEPZI4,Amazon PLCC Free-Financing Universal Merchant AAT-CXNSLNBROFDW4,Amazon PLCC Free-Financing Universal Merchant AAT-R7GXNZWISTRFA,Amazon PLCC Free-Financing Universal Merchant AAT-WSJLDN3X7KEMO,Amazon PLCC Free-Financing Universal Merchant AAT-VL6FGQVGQVXUS,Amazon PLCC Free-Financing Universal Merchant AAT-EOKPWFWYW7Y6I,Amazon PLCC Free-Financing Universal Merchant AAT-ZYL5UPUNW6T62,Amazon PLCC Free-Financing Universal Merchant AAT-XVPICCHRWDCAI,Amazon PLCC Free-Financing Universal Merchant AAT-ETXQ3XXWMRXBG,Amazon PLCC Free-Financing Universal Merchant AAT-7X3XCTYG64VBE,Amazon PLCC Free-Financing Universal Merchant AAT-7CHGD3WTS3MHM,Amazon PLCC Free-Financing Universal Merchant AAT-26ZDKNME27X42,Amazon PLCC Free-Financing Universal Merchant AAT-4ZF5KN6E4LJK4,Amazon PLCC Free-Financing Universal Merchant AAT-7RCXIKUAX7DDY,Amazon PLCC Free-Financing Universal Merchant AAT-BRSZZ45H6MHAO,Amazon PLCC Free-Financing Universal Merchant AAT-MKLXOOZWQL7GO,Amazon PLCC Free-Financing Universal Merchant AAT-CB7UNXEXGIJTC,Amazon PLCC Free-Financing Universal Merchant #MP-gzasho-1593152694811,Amazon PLCC Free-Financing Universal Merchant AAT-WLBA4GZ52EAH4",FALSE,,
2,404-0687676-7273146,04-30-22,Shipped,Amazon,Amazon.in,Expedited,JNE3371,JNE3371-KR-XL,kurta,XL,B07WV4JV4D,Shipped,1,INR,329,NAVI MUMBAI,MAHARASHTRA,410210,IN,IN Core Free Shipping 2015/04/08 23-48-5-108,TRUE,,
3,403-9615377-8133951,04-30-22,Cancelled,Merchant,Amazon.in,Standard,J0341,J0341-DR-L,Western Dress,L,B099NRCT7B,,0,INR,753.33,PUDUCHERRY,PUDUCHERRY,605008,IN,,FALSE,,
4,407-1069790-7240320,04-30-22,Shipped,Amazon,Amazon.in,Expedited,JNE3671,JNE3671-TU-XXXL,Top,3XL,B098714BZP,Shipped,1,INR,574,CHENNAI,TAMIL NADU,600073,IN,,FALSE,,
5,404-1490984-4578765,04-30-22,Shipped,Amazon,Amazon.in,Expedited,SET264,SET264-KR-NP-XL,Set,XL,B08YN7XDSG,Shipped,1,INR,824,GHAZIABAD,UTTAR PRADESH,201102,IN,IN Core Free Shipping 2015/04/08 23-48-5-108,FALSE,,
6,408-5748499-6859555,04-30-22,Shipped,Amazon,Amazon.in,Expedited,J0095,J0095-SET-L,Set,L,B08CMHNWBN,Shipped,1,INR,653,CHANDIGARH,CHANDIGARH,160036,IN,IN Core Free Shipping 2015/04/08 23-48-5-108,FALSE,,
7,406-7807733-3785945,04-30-22,Shipped - Delivered to Buyer,Merchant,Amazon.in,Standard,JNE3405,JNE3405-KR-S,kurta,S,B081WX4G4Q,Shipped,1,INR,399,HYDERABAD,TELANGANA,500032,IN,"Amazon PLCC Free-Financing Universal Merchant AAT-WNKTBO3K27EJC,Amazon PLCC Free-Financing Universal Merchant AAT-QX3UCCJESKPA2,Amazon PLCC Free-Financing Universal Merchant AAT-5QQ7BIYYQEDN2,Amazon PLCC Free-Financing Universal Merchant AAT-DSJ2QRXXWXVMQ,Amazon PLCC Free-Financing Universal Merchant AAT-CXJHMC2YJUK76,Amazon PLCC Free-Financing Universal Merchant AAT-CC4FAVTYR4X7C,Amazon PLCC Free-Financing Universal Merchant AAT-XXRCW6NZEPZI4,Amazon PLCC Free-Financing Universal Merchant AAT-EOKPWFWYW7Y6I,Amazon PLCC Free-Financing Universal Merchant AAT-ZYL5UPUNW6T62,Amazon PLCC Free-Financing Universal Merchant AAT-ETXQ3XXWMRXBG,Amazon PLCC Free-Financing Universal Merchant AAT-7X3XCTYG64VBE,Amazon PLCC Free-Financing Universal Merchant AAT-7CHGD3WTS3MHM,Amazon PLCC Free-Financing Universal Merchant AAT-26ZDKNME27X42,Amazon PLCC Free-Financing Universal Merchant AAT-4ZF5KN6E4LJK4,Amazon PLCC Free-Financing Universal Merchant AAT-7RCXIKUAX7DDY,Amazon PLCC Free-Financing Universal Merchant AAT-BRSZZ45H6MHAO,Amazon PLCC Free-Financing Universal Merchant AAT-MKLXOOZWQL7GO,Amazon PLCC Free-Financing Universal Merchant AAT-CB7UNXEXGIJTC,Amazon PLCC Free-Financing Universal Merchant #MP-gzasho-1593152694811,Amazon PLCC Free-Financing Universal Merchant AAT-WLBA4GZ52EAH4",FALSE,,
8,407-5443024-5233168,04-30-22,Cancelled,Amazon,Amazon.in,Expedited,SET200,SET200-KR-NP-A-XXXL,Set,3XL,B08L91ZZXN,Cancelled,0,,,HYDERABAD,TELANGANA,500008,IN,IN Core Free Shipping 2015/04/08 23-48-5-108,FALSE,,
9,402-4393761-0311520,04-30-22,Shipped,Amazon,Amazon.in,Expedited,JNE3461,JNE3461-KR-XXL,kurta,XXL,B08B3XF5MH,Shipped,1,INR,363,Chennai,TAMIL NADU,600041,IN,,FALSE,,
10,407-5633625-6970741,04-30-22,Shipped,Amazon,Amazon.in,Expedited,JNE3160,JNE3160-KR-G-S,kurta,S,B07K3YQLF1,Shipped,1,INR,685,CHENNAI,TAMIL NADU,600073,IN,,FALSE,,
11,171-4638481-6326716,04-30-22,Shipped,Amazon,Amazon.in,Expedited,JNE3500,JNE3500-KR-XS,kurta,XS,B098117DJ3,Shipped,1,INR,364,NOIDA,UTTAR PRADESH,201303,IN,,FALSE,,
12,405-5513694-8146768,04-30-22,Shipped - Delivered to Buyer,Merchant,Amazon.in,Standard,JNE3405,JNE3405-KR-XS,kurta,XS,B081XCMYXJ,Shipped,1,INR,399,Amravati.,MAHARASHTRA,444606,IN,"Amazon PLCC Free-Financing Universal Merchant AAT-WNKTBO3K27EJC,Amazon PLCC Free-Financing Universal Merchant AAT-QX3UCCJESKPA2,Amazon PLCC Free-Financing Universal Merchant AAT-5QQ7BIYYQEDN2,Amazon PLCC Free-Financing Universal Merchant AAT-DSJ2QRXXWXVMQ,Amazon PLCC Free-Financing Universal Merchant AAT-CXJHMC2YJUK76,Amazon PLCC Free-Financing Universal Merchant AAT-CC4FAVTYR4X7C,Amazon PLCC Free-Financing Universal Merchant AAT-XXRCW6NZEPZI4,Amazon PLCC Free-Financing Universal Merchant AAT-EOKPWFWYW7Y6I,Amazon PLCC Free-Financing Universal Merchant AAT-ETXQ3XXWMRXBG,Amazon PLCC Free-Financing Universal Merchant AAT-7X3XCTYG64VBE,Amazon PLCC Free-Financing Universal Merchant AAT-7CHGD3WTS3MHM,Amazon PLCC Free-Financing Universal Merchant AAT-26ZDKNME27X42,Amazon PLCC Free-Financing Universal Merchant AAT-4ZF5KN6E4LJK4,Amazon PLCC Free-Financing Universal Merchant AAT-7RCXIKUAX7DDY,Amazon PLCC Free-Financing Universal Merchant AAT-BRSZZ45H6MHAO,Amazon PLCC Free-Financing Universal Merchant AAT-MKLXOOZWQL7GO,Amazon PLCC Free-Financing Universal Merchant AAT-CB7UNXEXGIJTC,Amazon PLCC Free-Financing Universal Merchant #MP-gzasho-1593152694811,Amazon PLCC Free-Financing Universal Merchant AAT-WLBA4GZ52EAH4",FALSE,,
13,408-7955685-3083534,04-30-22,Shipped,Amazon,Amazon.in,Expedited,SET182,SET182-KR-DH-XS,Set,XS,B085HS947T,Shipped,1,INR,657,MUMBAI,MAHARASHTRA,400053,IN,,FALSE,,
14,408-1298370-1920302,04-30-22,Shipped - Delivered to Buyer,Merchant,Amazon.in,Standard,J0351,J0351-SET-L,Set,L,B09CSSQY4F,Shipped,1,INR,771,MUMBAI,MAHARASHTRA,400053,IN,"Amazon PLCC Free-Financing Universal Merchant AAT-WNKTBO3K27EJC,Amazon PLCC Free-Financing Universal Merchant AAT-QX3UCCJESKPA2,Amazon PLCC Free-Financing Universal Merchant AAT-5QQ7BIYYQEDN2,Amazon PLCC Free-Financing Universal Merchant AAT-DSJ2QRXXWXVMQ,Amazon PLCC Free-Financing Universal Merchant AAT-CXJHMC2YJUK76,Amazon PLCC Free-Financing Universal Merchant AAT-SL3Y2YRMAUNFC,Amazon PLCC Free-Financing Universal Merchant AAT-CC4FAVTYR4X7C,Amazon PLCC Free-Financing Universal Merchant AAT-XXRCW6NZEPZI4,Amazon PLCC Free-Financing Universal Merchant AAT-EOKPWFWYW7Y6I,Amazon PLCC Free-Financing Universal Merchant AAT-ZYL5UPUNW6T62,Amazon PLCC Free-Financing Universal Merchant AAT-ETXQ3XXWMRXBG,Amazon PLCC Free-Financing Universal Merchant AAT-7X3XCTYG64VBE,Amazon PLCC Free-Financing Universal Merchant AAT-7CHGD3WTS3MHM,Amazon PLCC Free-Financing Universal Merchant AAT-26ZDKNME27X42,Amazon PLCC Free-Financing Universal Merchant AAT-4ZF5KN6E4LJK4,Amazon PLCC Free-Financing Universal Merchant AAT-7RCXIKUAX7DDY,Amazon PLCC Free-Financing Universal Merchant AAT-TNYBHEAO7HOHO,Amazon PLCC Free-Financing Universal Merchant AAT-BRSZZ45H6MHAO,Amazon PLCC Free-Financing Universal Merchant AAT-MKLXOOZWQL7GO,Amazon PLCC Free-Financing Universal Merchant AAT-CB7UNXEXGIJTC,Amazon PLCC Free-Financing Universal Merchant #MP-gzasho-1593152694811,Amazon PLCC Free-Financing Universal Merchant AAT-WLBA4GZ52EAH4,Amazon PLCC Free-Financing Universal Merchant AAT-QMFZ3M7T5NPDS,Amazon PLCC Free-Financing Universal Merchant #MP-pmilan-1601980554292",FALSE,,
15,403-4965581-9520319,04-30-22,Shipped - Delivered to Buyer,Merchant,Amazon.in,Standard,PJNE3368,PJNE3368-KR-6XL,kurta,6XL,B09PY99SVJ,Shipped,1,INR,544,GUNTAKAL,ANDHRA PRADESH,515801,IN,"Amazon PLCC Free-Financing Universal Merchant AAT-WNKTBO3K27EJC,Amazon PLCC Free-Financing Universal Merchant AAT-QX3UCCJESKPA2,Amazon PLCC Free-Financing Universal Merchant AAT-5QQ7BIYYQEDN2,Amazon PLCC Free-Financing Universal Merchant AAT-DSJ2QRXXWXVMQ,Amazon PLCC Free-Financing Universal Merchant AAT-CXJHMC2YJUK76,Amazon PLCC Free-Financing Universal Merchant AAT-SL3Y2YRMAUNFC,Amazon PLCC Free-Financing Universal Merchant AAT-CC4FAVTYR4X7C,Amazon PLCC Free-Financing Universal Merchant AAT-XXRCW6NZEPZI4,Amazon PLCC Free-Financing Universal Merchant AAT-EOKPWFWYW7Y6I,Amazon PLCC Free-Financing Universal Merchant AAT-ZYL5UPUNW6T62,Amazon PLCC Free-Financing Universal Merchant AAT-ETXQ3XXWMRXBG,Amazon PLCC Free-Financing Universal Merchant AAT-7X3XCTYG64VBE,Amazon PLCC Free-Financing Universal Merchant AAT-7CHGD3WTS3MHM,Amazon PLCC Free-Financing Universal Merchant AAT-26ZDKNME27X42,Amazon PLCC Free-Financing Universal Merchant AAT-4ZF5KN6E4LJK4,Amazon PLCC Free-Financing Universal Merchant AAT-7RCXIKUAX7DDY,Amazon PLCC Free-Financing Universal Merchant AAT-BRSZZ45H6MHAO,Amazon PLCC Free-Financing Universal Merchant AAT-MKLXOOZWQL7GO,Amazon PLCC Free-Financing Universal Merchant AAT-CB7UNXEXGIJTC,Amazon PLCC Free-Financing Universal Merchant #MP-gzasho-1593152694811,Amazon PLCC Free-Financing Universal Merchant AAT-WLBA4GZ52EAH4",FALSE,,
16,406-9379318-6555504,04-30-22,Shipped,Amazon,Amazon.in,Expedited,JNE3721,JNE3721-KR-XXL,kurta,XXL,B099FCT65D,Shipped,1,INR,329,JAIPUR,RAJASTHAN,302020,IN,IN Core Free Shipping 2015/04/08 23-48-5-108,FALSE,,
17,405-9013803-8009918,04-30-22,Shipped,Amazon,Amazon.in,Expedited,JNE3405,JNE3405-KR-XL,kurta,XL,B081WT6GG7,Shipped,1,INR,399,NEW DELHI,DELHI,110074,IN,,FALSE,,
18,402-4030358-5835511,04-30-22,Shipped - Delivered to Buyer,Merchant,Amazon.in,Standard,JNE3697,JNE3697-KR-XXL,kurta,XXL,B098133PV5,Shipped,1,INR,458,Gurgaon,HARYANA,122004,IN,"Amazon PLCC Free-Financing Universal Merchant AAT-WNKTBO3K27EJC,Amazon PLCC Free-Financing Universal Merchant AAT-QX3UCCJESKPA2,Amazon PLCC Free-Financing Universal Merchant AAT-5QQ7BIYYQEDN2,Amazon PLCC Free-Financing Universal Merchant AAT-DSJ2QRXXWXVMQ,Amazon PLCC Free-Financing Universal Merchant AAT-CXJHMC2YJUK76,Amazon PLCC Free-Financing Universal Merchant AAT-SL3Y2YRMAUNFC,Amazon PLCC Free-Financing Universal Merchant AAT-CC4FAVTYR4X7C,Amazon PLCC Free-Financing Universal Merchant AAT-XXRCW6NZEPZI4,Amazon PLCC Free-Financing Universal Merchant AAT-EOKPWFWYW7Y6I,Amazon PLCC Free-Financing Universal Merchant AAT-ZYL5UPUNW6T62,Amazon PLCC Free-Financing Universal Merchant AAT-ETXQ3XXWMRXBG,Amazon PLCC Free-Financing Universal Merchant AAT-7X3XCTYG64VBE,Amazon PLCC Free-Financing Universal Merchant AAT-7CHGD3WTS3MHM,Amazon PLCC Free-Financing Universal Merchant AAT-26ZDKNME27X42,Amazon PLCC Free-Financing Universal Merchant AAT-4ZF5KN6E4LJK4,Amazon PLCC Free-Financing Universal Merchant AAT-7RCXIKUAX7DDY,Amazon PLCC Free-Financing Universal Merchant AAT-BRSZZ45H6MHAO,Amazon PLCC Free-Financing Universal Merchant AAT-MKLXOOZWQL7GO,Amazon PLCC Free-Financing Universal Merchant AAT-CB7UNXEXGIJTC,Amazon PLCC Free-Financing Universal Merchant #MP-gzasho-1593152694811,Amazon PLCC Free-Financing Universal Merchant AAT-WLBA4GZ52EAH4,Amazon PLCC Free-Financing Universal Merchant #MP-pmilan-1601980554292",FALSE,,
19,405-5957858-1051546,04-30-22,Shipped,Amazon,Amazon.in,Expedited,SET254,SET254-KR-NP-XS,Set,XS,B0983DDPL6,Shipped,1,INR,886,BENGALURU,KARNATAKA,560017,IN,,FALSE,,
20,405-0607769-0716360,04-30-22,Shipped,Amazon,Amazon.in,Expedited,JNE3795,JNE3795-KR-XXXL,kurta,3XL,B09HMXJVFS,Shipped,1,INR,517,TIRUCHIRAPPALLI,TAMIL NADU,620018,IN,IN Core Free Shipping 2015/04/08 23-48-5-108,FALSE,,
105004,402-8098715-9049161,06-17-22,Shipped,Amazon,Amazon.in,Expedited,JNE3720,JNE3720-KR-XL,kurta,XL,B099F9N2F3,Shipped,1,INR,517,RAJAMPET,ANDHRA PRADESH,516115,IN,,FALSE,,
105005,402-8098715-9049161,06-17-22,Shipped,Amazon,Amazon.in,Expedited,SET286,SET286-KR-NP-XL,Set,XL,B099NGZGRJ,Shipped,1,INR,626,RAJAMPET,ANDHRA PRADESH,516115,IN,,FALSE,,
105006,402-1292430-4171547,06-17-22,Shipped,Amazon,Amazon.in,Expedited,JNE3701,JNE3701-KR-XL,kurta,XL,B094FL9R9M,Shipped,1,INR,333,RAJAMPET,ANDHRA PRADESH,516115,IN,IN Core Free Shipping 2015/04/08 23-48-5-108,FALSE,,
105007,402-4356305-5484366,06-17-22,Shipped,Amazon,Amazon.in,Expedited,J0012,J0012-SKD-L,Set,L,B0894XGSH9,Shipped,1,INR,1137,MADURANTHAKAM,TAMIL NADU,603306,IN,IN Core Free Shipping 2015/04/08 23-48-5-108,FALSE,,
105008,404-9732265-2910755,06-17-22,Shipped,Amazon,Amazon.in,Expedited,SET224,SET224-KR-NP-XXXL,Set,3XL,B08MXGD5FG,Shipped,1,INR,1098,PATNA,BIHAR,801505,IN,IN Core Free Shipping 2015/04/08 23-48-5-108,FALSE,,
105009,408-4071494-2057106,06-17-22,Shipped,Amazon,Amazon.in,Expedited,J0009,J0009-SKD-M,Set,M,B0894Y7ZF8,Shipped,1,INR,828,BAMBOOFLAT,ANDAMAN & NICOBAR ,744107,IN,IN Core Free Shipping 2015/04/08 23-48-5-108,FALSE,,
105010,405-2315316-7465962,06-17-22,Cancelled,Merchant,Amazon.in,Standard,NW005,NW005-ST-PJ-M,Set,M,B0922P68HD,,0,INR,551.43,SRINAGAR,JAMMU & KASHMIR,190001,IN,,FALSE,,
105011,405-9676058-8320320,06-17-22,Cancelled,Merchant,Amazon.in,Standard,JNE3697,JNE3697-KR-XXL,kurta,XXL,B098133PV5,,0,INR,462.86,NELLORE,ANDHRA PRADESH,524311,IN,,FALSE,,
105012,406-3298479-9800350,06-17-22,Shipped,Amazon,Amazon.in,Expedited,JNE3468,JNE3468-KR-M,kurta,M,B08RP3LHNB,Shipped,1,INR,387,MUMBAI,MAHARASHTRA,400058,IN,,FALSE,,
105013,406-3298479-9800350,06-17-22,Shipped,Amazon,Amazon.in,Expedited,JNE3722,JNE3722-KR-M,kurta,M,B09BQHDRFZ,Shipped,1,INR,301,MUMBAI,MAHARASHTRA,400058,IN,,FALSE,,
105014,408-1807001-0753941,06-17-22,Shipped - Delivered to Buyer,Merchant,Amazon.in,Standard,JNE3869,JNE3869-DR-XS,Western Dress,XS,B09RK9FZ47,Shipped,1,INR,948,BADLAPUR,MAHARASHTRA,421503,IN,"Amazon PLCC Free-Financing Universal Merchant AAT-WNKTBO3K27EJC,Amazon PLCC Free-Financing Universal Merchant AAT-QX3UCCJESKPA2,Amazon PLCC Free-Financing Universal Merchant AAT-5QQ7BIYYQEDN2,Amazon PLCC Free-Financing Universal Merchant AAT-DSJ2QRXXWXVMQ,Amazon PLCC Free-Financing Universal Merchant AAT-CXJHMC2YJUK76,Amazon PLCC Free-Financing Universal Merchant AAT-CC4FAVTYR4X7C,Amazon PLCC Free-Financing Universal Merchant AAT-EWAPBB6BDRGM6,Amazon PLCC Free-Financing Universal Merchant AAT-R7GXNZWISTRFA,Amazon PLCC Free-Financing Universal Merchant AAT-EOKPWFWYW7Y6I,Amazon PLCC Free-Financing Universal Merchant AAT-NT3ZJJGQ3JK3Q,Amazon PLCC Free-Financing Universal Merchant AAT-5SHH3G55USK5C,Amazon PLCC Free-Financing Universal Merchant AAT-6JADQ56W3E2NG,Amazon PLCC Free-Financing Universal Merchant AAT-6XVEGAWJUJYXG,Amazon PLCC Free-Financing Universal Merchant AAT-OKGJFROBK4ZB4,Amazon PLCC Free-Financing Universal Merchant AAT-5QNBXTEQWGXOW,Amazon PLCC Free-Financing Universal Merchant AAT-BOWEMQBNNNHBK,Amazon PLCC Free-Financing Universal Merchant AAT-SKYXW7T3UZBGO,Amazon PLCC Free-Financing Universal Merchant AAT-ONHQI6RQUNGB6,Amazon PLCC Free-Financing Universal Merchant AAT-BRSZZ45H6MHAO,Amazon PLCC Free-Financing Universal Merchant AAT-MKLXOOZWQL7GO,Amazon PLCC Free-Financing Universal Merchant AAT-CB7UNXEXGIJTC,Amazon PLCC Free-Financing Universal Merchant #MP-gzasho-1593152694811,Amazon PLCC Free-Financing Universal Merchant AAT-WLBA4GZ52EAH4",FALSE,,
32,404-9632124-1107550,04-30-20,Shipped - Delivered to Buyer,Merchant,Amazon.in,Standard,J0011,J0011-LCD-M,Set,M,B08B3YNJG5,Shipped,1,INR,1233,VISAKHAPATNAM,ANDHRA PRADESH,530016,IN,"Amazon PLCC Free-Financing Universal Merchant AAT-WNKTBO3K27EJC,Amazon PLCC Free-Financing Universal Merchant AAT-QX3UCCJESKPA2,Amazon PLCC Free-Financing Universal Merchant AAT-5QQ7BIYYQEDN2,Amazon PLCC Free-Financing Universal Merchant AAT-DSJ2QRXXWXVMQ,Amazon PLCC Free-Financing Universal Merchant AAT-CXJHMC2YJUK76,Amazon PLCC Free-Financing Universal Merchant AAT-SL3Y2YRMAUNFC,Amazon PLCC Free-Financing Universal Merchant AAT-CC4FAVTYR4X7C,Amazon PLCC Free-Financing Universal Merchant AAT-XXRCW6NZEPZI4,Amazon PLCC Free-Financing Universal Merchant AAT-WSJLDN3X7KEMO,Amazon PLCC Free-Financing Universal Merchant AAT-VL6FGQVGQVXUS,Amazon PLCC Free-Financing Universal Merchant AAT-EOKPWFWYW7Y6I,Amazon PLCC Free-Financing Universal Merchant AAT-ZYL5UPUNW6T62,Amazon PLCC Free-Financing Universal Merchant AAT-XVPICCHRWDCAI,Amazon PLCC Free-Financing Universal Merchant AAT-ETXQ3XXWMRXBG,Amazon PLCC Free-Financing Universal Merchant AAT-7X3XCTYG64VBE,Amazon PLCC Free-Financing Universal Merchant AAT-7CHGD3WTS3MHM,Amazon PLCC Free-Financing Universal Merchant AAT-26ZDKNME27X42,Amazon PLCC Free-Financing Universal Merchant AAT-4ZF5KN6E4LJK4,Amazon PLCC Free-Financing Universal Merchant AAT-7RCXIKUAX7DDY,Amazon PLCC Free-Financing Universal Merchant AAT-BRSZZ45H6MHAO,Amazon PLCC Free-Financing Universal Merchant AAT-MKLXOOZWQL7GO,Amazon PLCC Free-Financing Universal Merchant AAT-CB7UNXEXGIJTC,Amazon PLCC Free-Financing Universal Merchant #MP-gzasho-1593152694811,Amazon PLCC Free-Financing Universal Merchant AAT-WLBA4GZ52EAH4",FALSE,,
33,402-1465437-0579556,04-30-20,Shipped - Delivered to Buyer,Merchant,Amazon.in,Standard,JNE3766,JNE3766-KR-M,kurta,M,B09K3XR43V,Shipped,1,INR,517,JEYPUR,ODISHA,764001,IN,"Amazon PLCC Free-Financing Universal Merchant AAT-WNKTBO3K27EJC,Amazon PLCC Free-Financing Universal Merchant AAT-QX3UCCJESKPA2,Amazon PLCC Free-Financing Universal Merchant AAT-5QQ7BIYYQEDN2,Amazon PLCC Free-Financing Universal Merchant AAT-DSJ2QRXXWXVMQ,Amazon PLCC Free-Financing Universal Merchant AAT-CXJHMC2YJUK76,Amazon PLCC Free-Financing Universal Merchant AAT-CC4FAVTYR4X7C,Amazon PLCC Free-Financing Universal Merchant AAT-XXRCW6NZEPZI4,Amazon PLCC Free-Financing Universal Merchant AAT-EOKPWFWYW7Y6I,Amazon PLCC Free-Financing Universal Merchant AAT-ZYL5UPUNW6T62,Amazon PLCC Free-Financing Universal Merchant AAT-ETXQ3XXWMRXBG,Amazon PLCC Free-Financing Universal Merchant AAT-7X3XCTYG64VBE,Amazon PLCC Free-Financing Universal Merchant AAT-7CHGD3WTS3MHM,Amazon PLCC Free-Financing Universal Merchant AAT-26ZDKNME27X42,Amazon PLCC Free-Financing Universal Merchant AAT-4ZF5KN6E4LJK4,Amazon PLCC Free-Financing Universal Merchant AAT-7RCXIKUAX7DDY,Amazon PLCC Free-Financing Universal Merchant AAT-BRSZZ45H6MHAO,Amazon PLCC Free-Financing Universal Merchant AAT-MKLXOOZWQL7GO,Amazon PLCC Free-Financing Universal Merchant AAT-CB7UNXEXGIJTC,Amazon PLCC Free-Financing Universal Merchant #MP-gzasho-1593152694811,Amazon PLCC Free-Financing Universal Merchant AAT-WLBA4GZ52EAH4",FALSE,,
34,404-7774085-3780319,04-30-20,Shipped,Amazon,Amazon.in,Expedited,JNE3373,JNE3373-KR-XL,kurta,XL,B082W8BXW1,Shipped,1,INR,376,HYDERABAD,TELANGANA,500028,IN,,FALSE,,
35,402-2764952-1492318,04-30-20,Shipped - Delivered to Buyer,Merchant,Amazon.in,Standard,MEN5001,MEN5001-KR-XL,kurta,XL,B08YYRH2Q6,Shipped,1,INR,499,LUCKNOW,UTTAR PRADESH,226016,IN,"Amazon PLCC Free-Financing Universal Merchant AAT-WNKTBO3K27EJC,Amazon PLCC Free-Financing Universal Merchant AAT-QX3UCCJESKPA2,Amazon PLCC Free-Financing Universal Merchant AAT-5QQ7BIYYQEDN2,Amazon PLCC Free-Financing Universal Merchant AAT-DSJ2QRXXWXVMQ,Amazon PLCC Free-Financing Universal Merchant AAT-CXJHMC2YJUK76,Amazon PLCC Free-Financing Universal Merchant AAT-SL3Y2YRMAUNFC,Amazon PLCC Free-Financing Universal Merchant AAT-CC4FAVTYR4X7C,Amazon PLCC Free-Financing Universal Merchant AAT-XXRCW6NZEPZI4,Amazon PLCC Free-Financing Universal Merchant AAT-EOKPWFWYW7Y6I,Amazon PLCC Free-Financing Universal Merchant AAT-ZYL5UPUNW6T62,Amazon PLCC Free-Financing Universal Merchant AAT-ETXQ3XXWMRXBG,Amazon PLCC Free-Financing Universal Merchant AAT-7X3XCTYG64VBE,Amazon PLCC Free-Financing Universal Merchant AAT-7CHGD3WTS3MHM,Amazon PLCC Free-Financing Universal Merchant AAT-26ZDKNME27X42,Amazon PLCC Free-Financing Universal Merchant AAT-4ZF5KN6E4LJK4,Amazon PLCC Free-Financing Universal Merchant AAT-7RCXIKUAX7DDY,Amazon PLCC Free-Financing Universal Merchant AAT-TNYBHEAO7HOHO,Amazon PLCC Free-Financing Universal Merchant AAT-BRSZZ45H6MHAO,Amazon PLCC Free-Financing Universal Merchant AAT-MKLXOOZWQL7GO,Amazon PLCC Free-Financing Universal Merchant AAT-CB7UNXEXGIJTC,Amazon PLCC Free-Financing Universal Merchant #MP-gzasho-1593152694811,Amazon PLCC Free-Financing Universal Merchant AAT-WLBA4GZ52EAH4,Amazon PLCC Free-Financing Universal Merchant AAT-QMFZ3M7T5NPDS,Amazon PLCC Free-Financing Universal Merchant #MP-pmilan-1601980554292",FALSE,,
36,406-0272200-7784379,04-30-20,Shipped,Amazon,Amazon.in,Expedited,SET345,SET345-KR-NP-L,Set,L,B09KXT4VG7,Shipped,1,INR,666,CHENNAI,TAMIL NADU,600033,IN,IN Core Free Shipping 2015/04/08 23-48-5-108,FALSE,,
37,405-8439835-6849951,05-13-20,Shipped - Returned to Seller,Merchant,Amazon.in,Standard,J0127,J0127-SKD-XL,Set,XL,B08QGMZQ2B,Shipped,1,INR,1186,PUNE,MAHARASHTRA,411048,IN,"Amazon PLCC Free-Financing Universal Merchant AAT-WNKTBO3K27EJC,Amazon PLCC Free-Financing Universal Merchant AAT-QX3UCCJESKPA2,Amazon PLCC Free-Financing Universal Merchant AAT-5QQ7BIYYQEDN2,Amazon PLCC Free-Financing Universal Merchant AAT-DSJ2QRXXWXVMQ,Amazon PLCC Free-Financing Universal Merchant AAT-CXJHMC2YJUK76,Amazon PLCC Free-Financing Universal Merchant AAT-SL3Y2YRMAUNFC,Amazon PLCC Free-Financing Universal Merchant AAT-CC4FAVTYR4X7C,Amazon PLCC Free-Financing Universal Merchant AAT-FYWJCQHU2XQ2U,Amazon PLCC Free-Financing Universal Merchant AAT-EOKPWFWYW7Y6I,Amazon PLCC Free-Financing Universal Merchant AAT-URPEBMPS7TSPE,Amazon PLCC Free-Financing Universal Merchant AAT-5ZEB2OGNZ32MC,Amazon PLCC Free-Financing Universal Merchant AAT-2MN4SWBDTUSNI,Amazon PLCC Free-Financing Universal Merchant AAT-4VFZUZS2EO5J2,Amazon PLCC Free-Financing Universal Merchant AAT-BRSZZ45H6MHAO,Amazon PLCC Free-Financing Universal Merchant AAT-MKLXOOZWQL7GO,Amazon PLCC Free-Financing Universal Merchant AAT-CB7UNXEXGIJTC,Amazon PLCC Free-Financing Universal Merchant #MP-gzasho-1593152694811,Amazon PLCC Free-Financing Universal Merchant AAT-WLBA4GZ52EAH4",FALSE,Easy Ship,FALSE
38,405-6998129-1641157,05-13-20,Shipped,Amazon,Amazon.in,Expedited,SET285,SET285-KR-SHA-XXXL,Set,3XL,B099NJ9F31,Shipped,1,INR,499,DIU,DADRA AND NAGAR,362570,IN,IN Core Free Shipping 2015/04/08 23-48-5-108,FALSE,,FALSE
39,403-9723481-0626732,05-13-20,Shipped - Delivered to Buyer,Merchant,Amazon.in,Standard,SET145,SET145-KR-NP-M,Set,M,B0822TVYZ1,Shipped,1,INR,788,HYDERABAD,TELANGANA,500067,IN,"Amazon PLCC Free-Financing Universal Merchant AAT-WNKTBO3K27EJC,Amazon PLCC Free-Financing Universal Merchant AAT-QX3UCCJESKPA2,Amazon PLCC Free-Financing Universal Merchant AAT-5QQ7BIYYQEDN2,Amazon PLCC Free-Financing Universal Merchant AAT-DSJ2QRXXWXVMQ,Amazon PLCC Free-Financing Universal Merchant AAT-CXJHMC2YJUK76,Amazon PLCC Free-Financing Universal Merchant AAT-CC4FAVTYR4X7C,Amazon PLCC Free-Financing Universal Merchant AAT-FYWJCQHU2XQ2U,Amazon PLCC Free-Financing Universal Merchant AAT-EOKPWFWYW7Y6I,Amazon PLCC Free-Financing Universal Merchant AAT-URPEBMPS7TSPE,Amazon PLCC Free-Financing Universal Merchant AAT-5ZEB2OGNZ32MC,Amazon PLCC Free-Financing Universal Merchant AAT-2MN4SWBDTUSNI,Amazon PLCC Free-Financing Universal Merchant AAT-4VFZUZS2EO5J2,Amazon PLCC Free-Financing Universal Merchant AAT-BRSZZ45H6MHAO,Amazon PLCC Free-Financing Universal Merchant AAT-MKLXOOZWQL7GO,Amazon PLCC Free-Financing Universal Merchant AAT-CB7UNXEXGIJTC,Amazon PLCC Free-Financing Universal Merchant #MP-gzasho-1593152694811,Amazon PLCC Free-Financing Universal Merchant AAT-WLBA4GZ52EAH4",FALSE,Easy Ship,FALSE
40,405-3170634-8893168,05-13-20,Shipped,Amazon,Amazon.in,Expedited,SET266,SET266-KR-NP-XXXL,Set,3XL,B09BQLFL7M,Shipped,1,INR,852,MUMBAI,MAHARASHTRA,400028,IN,IN Core Free Shipping 2015/04/08 23-48-5-108,FALSE,,FALSE
41,405-7941730-7723527,05-13-20,Shipped - Delivered to Buyer,Merchant,Amazon.in,Standard,JNE3399,JNE3399-KR-XS,kurta,XS,B082W8DNQX,Shipped,1,INR,469,BENGALURU,KARNATAKA,560100,IN,"Amazon PLCC Free-Financing Universal Merchant AAT-WNKTBO3K27EJC,Amazon PLCC Free-Financing Universal Merchant AAT-QX3UCCJESKPA2,Amazon PLCC Free-Financing Universal Merchant AAT-5QQ7BIYYQEDN2,Amazon PLCC Free-Financing Universal Merchant AAT-DSJ2QRXXWXVMQ,Amazon PLCC Free-Financing Universal Merchant AAT-CXJHMC2YJUK76,Amazon PLCC Free-Financing Universal Merchant AAT-CC4FAVTYR4X7C,Amazon PLCC Free-Financing Universal Merchant AAT-FYWJCQHU2XQ2U,Amazon PLCC Free-Financing Universal Merchant AAT-WSJLDN3X7KEMO,Amazon PLCC Free-Financing Universal Merchant AAT-VL6FGQVGQVXUS,Amazon PLCC Free-Financing Universal Merchant AAT-EOKPWFWYW7Y6I,Amazon PLCC Free-Financing Universal Merchant AAT-URPEBMPS7TSPE,Amazon PLCC Free-Financing Universal Merchant AAT-5ZEB2OGNZ32MC,Amazon PLCC Free-Financing Universal Merchant AAT-2MN4SWBDTUSNI,Amazon PLCC Free-Financing Universal Merchant AAT-4VFZUZS2EO5J2,Amazon PLCC Free-Financing Universal Merchant AAT-BRSZZ45H6MHAO,Amazon PLCC Free-Financing Universal Merchant AAT-MKLXOOZWQL7GO,Amazon PLCC Free-Financing Universal Merchant AAT-CB7UNXEXGIJTC,Amazon PLCC Free-Financing Universal Merchant #MP-gzasho-1593152694811,Amazon PLCC Free-Financing Universal Merchant AAT-WLBA4GZ52EAH4",FALSE,Easy Ship,FALSE
42,405-6106217-2225954,05-13-20,Cancelled,Merchant,Amazon.in,Standard,JNE3607,JNE3607-KR-XL,kurta,XL,B08TGZCN3N,,0,INR,454.29,JAMSHEDPUR,JHARKHAND,831001,IN,,FALSE,Easy Ship,FALSE
43,404-5387574-7067534,05-13-20,Shipped - Delivered to Buyer,Merchant,Amazon.in,Standard,JNE3724,JNE3724-KR-M,kurta,M,B098124WJY,Shipped,1,INR,499,CHENNAI,TAMIL NADU,600061,IN,"Amazon PLCC Free-Financing Universal Merchant AAT-WNKTBO3K27EJC,Amazon PLCC Free-Financing Universal Merchant AAT-QX3UCCJESKPA2,Amazon PLCC Free-Financing Universal Merchant AAT-5QQ7BIYYQEDN2,Amazon PLCC Free-Financing Universal Merchant AAT-DSJ2QRXXWXVMQ,Amazon PLCC Free-Financing Universal Merchant AAT-CXJHMC2YJUK76,Amazon PLCC Free-Financing Universal Merchant AAT-SL3Y2YRMAUNFC,Amazon PLCC Free-Financing Universal Merchant AAT-CC4FAVTYR4X7C,Amazon PLCC Free-Financing Universal Merchant AAT-FYWJCQHU2XQ2U,Amazon PLCC Free-Financing Universal Merchant AAT-WSJLDN3X7KEMO,Amazon PLCC Free-Financing Universal Merchant AAT-VL6FGQVGQVXUS,Amazon PLCC Free-Financing Universal Merchant AAT-EOKPWFWYW7Y6I,Amazon PLCC Free-Financing Universal Merchant AAT-2MN4SWBDTUSNI,Amazon PLCC Free-Financing Universal Merchant AAT-4VFZUZS2EO5J2,Amazon PLCC Free-Financing Universal Merchant AAT-BRSZZ45H6MHAO,Amazon PLCC Free-Financing Universal Merchant AAT-MKLXOOZWQL7GO,Amazon PLCC Free-Financing Universal Merchant AAT-CB7UNXEXGIJTC,Amazon PLCC Free-Financing Universal Merchant #MP-gzasho-1593152694811,Amazon PLCC Free-Financing Universal Merchant AAT-WLBA4GZ52EAH4",FALSE,Easy Ship,FALSE
44,402-2938914-6338748,05-13-20,Shipped - Delivered to Buyer,Merchant,Amazon.in,Standard,J0308,J0308-DR-S,Western Dress,S,B099NS6BTY,Shipped,1,INR,665,MUMBAI,MAHARASHTRA,400051,IN,"Amazon PLCC Free-Financing Universal Merchant AAT-WNKTBO3K27EJC,Amazon PLCC Free-Financing Universal Merchant AAT-QX3UCCJESKPA2,Amazon PLCC Free-Financing Universal Merchant AAT-5QQ7BIYYQEDN2,Amazon PLCC Free-Financing Universal Merchant AAT-DSJ2QRXXWXVMQ,Amazon PLCC Free-Financing Universal Merchant AAT-CXJHMC2YJUK76,Amazon PLCC Free-Financing Universal Merchant AAT-CC4FAVTYR4X7C,Amazon PLCC Free-Financing Universal Merchant AAT-FYWJCQHU2XQ2U,Amazon PLCC Free-Financing Universal Merchant AAT-EOKPWFWYW7Y6I,Amazon PLCC Free-Financing Universal Merchant AAT-URPEBMPS7TSPE,Amazon PLCC Free-Financing Universal Merchant AAT-5ZEB2OGNZ32MC,Amazon PLCC Free-Financing Universal Merchant AAT-2MN4SWBDTUSNI,Amazon PLCC Free-Financing Universal Merchant AAT-4VFZUZS2EO5J2,Amazon PLCC Free-Financing Universal Merchant AAT-TNYBHEAO7HOHO,Amazon PLCC Free-Financing Universal Merchant AAT-BRSZZ45H6MHAO,Amazon PLCC Free-Financing Universal Merchant AAT-MKLXOOZWQL7GO,Amazon PLCC Free-Financing Universal Merchant AAT-CB7UNXEXGIJTC,Amazon PLCC Free-Financing Universal Merchant #MP-gzasho-1593152694811,Amazon PLCC Free-Financing Universal Merchant AAT-WLBA4GZ52EAH4,Amazon PLCC Free-Financing Universal Merchant AAT-QMFZ3M7T5NPDS,Amazon PLCC Free-Financing Universal Merchant #MP-pmilan-1601980554292",FALSE,Easy Ship,FALSE
45,171-3621808-1777968,05-13-20,Shipped - Delivered to Buyer,Merchant,Amazon.in,Standard,SET386,SET386-KR-NP-M,Set,M,B09K3P2BCG,Shipped,1,INR,599,MUMBAI,MAHARASHTRA,400053,IN,"Amazon PLCC Free-Financing Universal Merchant AAT-WNKTBO3K27EJC,Amazon PLCC Free-Financing Universal Merchant AAT-QX3UCCJESKPA2,Amazon PLCC Free-Financing Universal Merchant AAT-5QQ7BIYYQEDN2,Amazon PLCC Free-Financing Universal Merchant AAT-DSJ2QRXXWXVMQ,Amazon PLCC Free-Financing Universal Merchant AAT-CXJHMC2YJUK76,Amazon PLCC Free-Financing Universal Merchant AAT-SL3Y2YRMAUNFC,Amazon PLCC Free-Financing Universal Merchant AAT-CC4FAVTYR4X7C,Amazon PLCC Free-Financing Universal Merchant AAT-FYWJCQHU2XQ2U,Amazon PLCC Free-Financing Universal Merchant AAT-EOKPWFWYW7Y6I,Amazon PLCC Free-Financing Universal Merchant AAT-URPEBMPS7TSPE,Amazon PLCC Free-Financing Universal Merchant AAT-5ZEB2OGNZ32MC,Amazon PLCC Free-Financing Universal Merchant AAT-2MN4SWBDTUSNI,Amazon PLCC Free-Financing Universal Merchant AAT-4VFZUZS2EO5J2,Amazon PLCC Free-Financing Universal Merchant AAT-BRSZZ45H6MHAO,Amazon PLCC Free-Financing Universal Merchant AAT-MKLXOOZWQL7GO,Amazon PLCC Free-Financing Universal Merchant AAT-CB7UNXEXGIJTC,Amazon PLCC Free-Financing Universal Merchant #MP-gzasho-1593152694811,Amazon PLCC Free-Financing Universal Merchant AAT-WLBA4GZ52EAH4,Amazon PLCC Free-Financing Universal Merchant #MP-pmilan-1601980554292",FALSE,Easy Ship,FALSE
46,406-1564769-2996311,05-13-20,Shipped,Amazon,Amazon.in,Expedited,JNE3405,JNE3405-KR-XL,kurta,XL,B081WT6GG7,Shipped,1,INR,435,BENGALURU,KARNATAKA,560067,IN,,FALSE,,FALSE
47,407-3136048-5257953,05-13-20,Shipped,Amazon,Amazon.in,Expedited,SET324,SET324-KR-NP-L,Set,L,B09NQ44RNV,Shipped,1,INR,635,BENGALURU,KARNATAKA,560098,IN,,FALSE,,FALSE
48,405-3170634-8893168,05-13-20,Shipped,Amazon,Amazon.in,Expedited,SET266,SET266-KR-NP-XXXL,Set,3XL,B09BQLFL7M,Shipped,1,INR,852,MUMBAI,MAHARASHTRA,400028,IN,IN Core Free Shipping 2015/04/08 23-48-5-108,FALSE,,
49,405-7941730-7723527,05-13-20,Shipped - Delivered to Buyer,Merchant,Amazon.in,Standard,JNE3399,JNE3399-KR-XS,kurta,XS,B082W8DNQX,Shipped,1,INR,469,BENGALURU,KARNATAKA,560100,IN,"Amazon PLCC Free-Financing Universal Merchant AAT-WNKTBO3K27EJC,Amazon PLCC Free-Financing Universal Merchant AAT-QX3UCCJESKPA2,Amazon PLCC Free-Financing Universal Merchant AAT-5QQ7BIYYQEDN2,Amazon PLCC Free-Financing Universal Merchant AAT-DSJ2QRXXWXVMQ,Amazon PLCC Free-Financing Universal Merchant AAT-CXJHMC2YJUK76,Amazon PLCC Free-Financing Universal Merchant AAT-CC4FAVTYR4X7C,Amazon PLCC Free-Financing Universal Merchant AAT-FYWJCQHU2XQ2U,Amazon PLCC Free-Financing Universal Merchant AAT-WSJLDN3X7KEMO,Amazon PLCC Free-Financing Universal Merchant AAT-VL6FGQVGQVXUS,Amazon PLCC Free-Financing Universal Merchant AAT-EOKPWFWYW7Y6I,Amazon PLCC Free-Financing Universal Merchant AAT-URPEBMPS7TSPE,Amazon PLCC Free-Financing Universal Merchant AAT-5ZEB2OGNZ32MC,Amazon PLCC Free-Financing Universal Merchant AAT-2MN4SWBDTUSNI,Amazon PLCC Free-Financing Universal Merchant AAT-4VFZUZS2EO5J2,Amazon PLCC Free-Financing Universal Merchant AAT-BRSZZ45H6MHAO,Amazon PLCC Free-Financing Universal Merchant AAT-MKLXOOZWQL7GO,Amazon PLCC Free-Financing Universal Merchant AAT-CB7UNXEXGIJTC,Amazon PLCC Free-Financing Universal Merchant #MP-gzasho-1593152694811,Amazon PLCC Free-Financing Universal Merchant AAT-WLBA4GZ52EAH4",FALSE,,
50,405-6106217-2225954,05-13-20,Cancelled,Merchant,Amazon.in,Standard,JNE3607,JNE3607-KR-XL,kurta,XL,B08TGZCN3N,,0,INR,454.29,JAMSHEDPUR,JHARKHAND,831001,IN,,FALSE,,
51,404-5387574-7067534,05-13-20,Shipped - Delivered to Buyer,Merchant,Amazon.in,Standard,JNE3724,JNE3724-KR-M,kurta,M,B098124WJY,Shipped,1,INR,499,CHENNAI,TAMIL NADU,600061,IN,"Amazon PLCC Free-Financing Universal Merchant AAT-WNKTBO3K27EJC,Amazon PLCC Free-Financing Universal Merchant AAT-QX3UCCJESKPA2,Amazon PLCC Free-Financing Universal Merchant AAT-5QQ7BIYYQEDN2,Amazon PLCC Free-Financing Universal Merchant AAT-DSJ2QRXXWXVMQ,Amazon PLCC Free-Financing Universal Merchant AAT-CXJHMC2YJUK76,Amazon PLCC Free-Financing Universal Merchant AAT-SL3Y2YRMAUNFC,Amazon PLCC Free-Financing Universal Merchant AAT-CC4FAVTYR4X7C,Amazon PLCC Free-Financing Universal Merchant AAT-FYWJCQHU2XQ2U,Amazon PLCC Free-Financing Universal Merchant AAT-WSJLDN3X7KEMO,Amazon PLCC Free-Financing Universal Merchant AAT-VL6FGQVGQVXUS,Amazon PLCC Free-Financing Universal Merchant AAT-EOKPWFWYW7Y6I,Amazon PLCC Free-Financing Universal Merchant AAT-2MN4SWBDTUSNI,Amazon PLCC Free-Financing Universal Merchant AAT-4VFZUZS2EO5J2,Amazon PLCC Free-Financing Universal Merchant AAT-BRSZZ45H6MHAO,Amazon PLCC Free-Financing Universal Merchant AAT-MKLXOOZWQL7GO,Amazon PLCC Free-Financing Universal Merchant AAT-CB7UNXEXGIJTC,Amazon PLCC Free-Financing Universal Merchant #MP-gzasho-1593152694811,Amazon PLCC Free-Financing Universal Merchant AAT-WLBA4GZ52EAH4",FALSE,,
52,405-8078784-5731545,04-30-20,Cancelled,Merchant,Amazon.in,Standard,SET389,SET389-KR-NP-S,Set,S,B09KXVBD7Z,,0,INR,647.62,MUMBAI,MAHARASHTRA,400081,IN,"Amazon PLCC Free-Financing Universal Merchant AAT-WNKTBO3K27EJC,Amazon PLCC Free-Financing Universal Merchant AAT-QX3UCCJESKPA2,Amazon PLCC Free-Financing Universal Merchant AAT-5QQ7BIYYQEDN2,Amazon PLCC Free-Financing Universal Merchant AAT-DSJ2QRXXWXVMQ,Amazon PLCC Free-Financing Universal Merchant AAT-CXJHMC2YJUK76,Amazon PLCC Free-Financing Universal Merchant AAT-CC4FAVTYR4X7C,Amazon PLCC Free-Financing Universal Merchant AAT-FYWJCQHU2XQ2U,Amazon PLCC Free-Financing Universal Merchant AAT-EOKPWFWYW7Y6I,Amazon PLCC Free-Financing Universal Merchant AAT-URPEBMPS7TSPE,Amazon PLCC Free-Financing Universal Merchant AAT-5ZEB2OGNZ32MC,Amazon PLCC Free-Financing Universal Merchant AAT-2MN4SWBDTUSNI,Amazon PLCC Free-Financing Universal Merchant AAT-4VFZUZS2EO5J2,Amazon PLCC Free-Financing Universal Merchant AAT-TNYBHEAO7HOHO,Amazon PLCC Free-Financing Universal Merchant AAT-BRSZZ45H6MHAO,Amazon PLCC Free-Financing Universal Merchant AAT-MKLXOOZWQL7GO,Amazon PLCC Free-Financing Universal Merchant AAT-CB7UNXEXGIJTC,Amazon PLCC Free-Financing Universal Merchant #MP-gzasho-1593152694811,Amazon PLCC Free-Financing Universal Merchant AAT-WLBA4GZ52EAH4,Amazon PLCC Free-Financing Universal Merchant AAT-QMFZ3M7T5NPDS,Amazon PLCC Free-Financing Universal Merchant #MP-pmilan-1601980554292",FALSE,,
53,171-9198151-1101146,04-30-20,Shipped - Delivered to Buyer,Merchant,Amazon.in,Standard,JNE3781,JNE3781-KR-XXXL,kurta,3XL,B09K3WFS32,Shipped,1,INR,406,BENGALURU,KARNATAKA,560085,IN,"Amazon PLCC Free-Financing Universal Merchant AAT-WNKTBO3K27EJC,Amazon PLCC Free-Financing Universal Merchant AAT-QX3UCCJESKPA2,Amazon PLCC Free-Financing Universal Merchant AAT-5QQ7BIYYQEDN2,Amazon PLCC Free-Financing Universal Merchant AAT-DSJ2QRXXWXVMQ,Amazon PLCC Free-Financing Universal Merchant AAT-CXJHMC2YJUK76,Amazon PLCC Free-Financing Universal Merchant AAT-SL3Y2YRMAUNFC,Amazon PLCC Free-Financing Universal Merchant AAT-CC4FAVTYR4X7C,Amazon PLCC Free-Financing Universal Merchant AAT-FYWJCQHU2XQ2U,Amazon PLCC Free-Financing Universal Merchant AAT-EOKPWFWYW7Y6I,Amazon PLCC Free-Financing Universal Merchant AAT-URPEBMPS7TSPE,Amazon PLCC Free-Financing Universal Merchant AAT-5ZEB2OGNZ32MC,Amazon PLCC Free-Financing Universal Merchant AAT-2MN4SWBDTUSNI,Amazon PLCC Free-Financing Universal Merchant AAT-4VFZUZS2EO5J2,Amazon PLCC Free-Financing Universal Merchant AAT-BRSZZ45H6MHAO,Amazon PLCC Free-Financing Universal Merchant AAT-MKLXOOZWQL7GO,Amazon PLCC Free-Financing Universal Merchant AAT-CB7UNXEXGIJTC,Amazon PLCC Free-Financing Universal Merchant #MP-gzasho-1593152694811,Amazon PLCC Free-Financing Universal Merchant AAT-WLBA4GZ52EAH4,Amazon PLCC Free-Financing Universal Merchant #MP-pmilan-1601980554292",FALSE,,
54,404-0687676-7273146,04-30-20,Shipped,Amazon,Amazon.in,Expedited,JNE3371,JNE3371-KR-XL,kurta,XL,B07WV4JV4D,Shipped,1,INR,329,NAVI MUMBAI,MAHARASHTRA,410210,IN,,FALSE,,
55,403-9615377-8133951,04-30-20,Cancelled,Merchant,Amazon.in,Standard,J0341,J0341-DR-L,Western Dress,L,B099NRCT7B,,0,INR,753.33,PUDUCHERRY,PUDUCHERRY,605008,IN,,FALSE,,
56,407-1069790-7240320,04-30-20,Shipped,Amazon,Amazon.in,Expedited,JNE3671,JNE3671-TU-XXXL,Top,3XL,B098714BZP,Shipped,1,INR,574,CHENNAI,TAMIL NADU,600073,IN,IN Core Free Shipping 2015/04/08 23-48-5-108,FALSE,,
55,403-9615377-8133951,04-30-24,Cancelled,Merchant,Amazon.in,Standard,J0341,J0341-DR-L,Western Dress,L,B099NRCT7B,,0,INR,753.33,PUDUCHERRY,PUDUCHERRY,605008,IN,,FALSE,,
56,407-1069790-7240320,04-30-24,Shipped,Amazon,Amazon.in,Expedited,JNE3671,JNE3671-TU-XXXL,Top,3XL,B098714BZP,Shipped,1,INR,574,CHENNAI,TAMIL NADU,600073,IN,IN Core Free Shipping 2015/04/08 23-48-5-108,FALSE,,
56,407-1069790-7240320,05-30-24,Shipped,Amazon,Amazon.in,Expedited,JNE3671,JNE3671-TU-XXXL,Top,3XL,B098714BZP,Shipped,1,INR,600,CHENNAI,TAMIL NADU,600073,IN,IN Core Free Shipping 2015/04/08 23-48-5-108,FALSE,,
55,403-9615377-8133951,04-30-24,Cancelled,Merchant,Amazon.in,Standard,J0341,J0341-DR-L,Western Dress,L,B099NRCT7B,,0,INR,753.33,PUDUCHERRY,PUDUCHERRY,605008,IN,,FALSE,,
56,407-1069790-7240320,04-30-24,Shipped,Amazon,Amazon.in,Expedited,JNE3671,JNE3671-TU-XXXL,Top,3XL,B098714BZP,Shipped,1,INR,574,CHENNAI,TAMIL NADU,600073,IN,IN Core Free Shipping 2015/04/08 23-48-5-108,FALSE,,
56,407-1069790-7240320,05-30-24,Shipped,Amazon,Amazon.in,Expedited,JNE3671,JNE3671-TU-XXXL,Top,3XL,B098714BZP,Shipped,1,INR,600,CHENNAI,TAMIL NADU,600073,IN,IN Core Free Shipping 2015/04/08 23-48-5-108,FALSE,,
55,403-9615377-8133951,04-30-24,Cancelled,Merchant,Amazon.in,Standard,J0341,J0341-DR-L,Western Dress,L,B099NRCT7B,,0,INR,753.33,PUDUCHERRY,PUDUCHERRY,605008,IN,,FALSE,,
56,407-1069790-7240320,04-30-24,Shipped,Amazon,Amazon.in,Expedited,JNE3671,JNE3671-TU-XXXL,Top,3XL,B098714BZP,Shipped,1,INR,574,CHENNAI,TAMIL NADU,600073,IN,IN Core Free Shipping 2015/04/08 23-48-5-108,FALSE,,
56,407-1069790-7240320,05-30-24,Shipped,Amazon,Amazon.in,Expedited,JNE3671,JNE3671-TU-XXXL,Top,3XL,B098714BZP,Shipped,1,INR,600,CHENNAI,TAMIL NADU,600073,IN,IN Core Free Shipping 2015/04/08 23-48-5-108,FALSE,,
55,403-9615377-8133951,04-30-24,Cancelled,Merchant,Amazon.in,Standard,J0341,J0341-DR-L,Western Dress,L,B099NRCT7B,,0,INR,753.33,PUDUCHERRY,PUDUCHERRY,605008,IN,,FALSE,,
56,407-1069790-7240320,04-30-24,Shipped,Amazon,Amazon.in,Expedited,JNE3671,JNE3671-TU-XXXL,Top,3XL,B098714BZP,Shipped,1,INR,574,CHENNAI,TAMIL NADU,600073,IN,IN Core Free Shipping 2015/04/08 23-48-5-108,FALSE,,
56,407-1069790-7240320,05-30-24,Shipped,Amazon,Amazon.in,Expedited,JNE3671,JNE3671-TU-XXXL,Top,3XL,B098714BZP,Shipped,1,INR,600,CHENNAI,TAMIL NADU,600073,IN,IN Core Free Shipping 2015/04/08 23-48-5-108,FALSE,,
55,403-9615377-8133951,04-30-24,Cancelled,Merchant,Amazon.in,Standard,J0341,J0341-DR-L,Western Dress,L,B099NRCT7B,,0,INR,753.33,PUDUCHERRY,PUDUCHERRY,605008,IN,,FALSE,,
56,407-1069790-7240320,04-30-24,Shipped,Amazon,Amazon.in,Expedited,JNE3671,JNE3671-TU-XXXL,Top,3XL,B098714BZP,Shipped,1,INR,574,CHENNAI,TAMIL NADU,600073,IN,IN Core Free Shipping 2015/04/08 23-48-5-108,FALSE,,
56,407-1069790-7240320,05-30-24,Shipped,Amazon,Amazon.in,Expedited,JNE3671,JNE3671-TU-XXXL,Top,3XL,B098714BZP,Shipped,1,INR,600,CHENNAI,TAMIL NADU,600073,IN,IN Core Free Shipping 2015/04/08 23-48-5-108,FALSE,,
55,403-9615377-8133951,04-30-24,Cancelled,Merchant,Amazon.in,Standard,J0341,J0341-DR-L,Western Dress,L,B099NRCT7B,,0,INR,753.33,PUDUCHERRY,PUDUCHERRY,605008,IN,,FALSE,,
56,407-1069790-7240320,04-30-24,Shipped,Amazon,Amazon.in,Expedited,JNE3671,JNE3671-TU-XXXL,Top,3XL,B098714BZP,Shipped,1,INR,574,CHENNAI,TAMIL NADU,600073,IN,IN Core Free Shipping 2015/04/08 23-48-5-108,FALSE,,
56,407-1069790-7240320,05-30-24,Shipped,Amazon,Amazon.in,Expedited,JNE3671,JNE3671-TU-XXXL,Top,3XL,B098714BZP,Shipped,1,INR,600,CHENNAI,TAMIL NADU,600073,IN,IN Core Free Shipping 2015/04/08 23-48-5-108,FALSE,,
55,403-9615377-8133951,04-30-24,Cancelled,Merchant,Amazon.in,Standard,J0341,J0341-DR-L,Western Dress,L,B099NRCT7B,,0,INR,753.33,PUDUCHERRY,PUDUCHERRY,605008,IN,,FALSE,,
56,407-1069790-7240320,04-30-24,Shipped,Amazon,Amazon.in,Expedited,JNE3671,JNE3671-TU-XXXL,Top,3XL,B098714BZP,Shipped,1,INR,574,CHENNAI,TAMIL NADU,600073,IN,IN Core Free Shipping 2015/04/08 23-48-5-108,FALSE,,
56,407-1069790-7240320,05-30-24,Shipped,Amazon,Amazon.in,Expedited,JNE3671,JNE3671-TU-XXXL,Top,3XL,B098714BZP,Shipped,1,INR,600,CHENNAI,TAMIL NADU,600073,IN,IN Core Free Shipping 2015/04/08 23-48-5-108,FALSE,,
55,403-9615377-8133951,04-30-24,Cancelled,Merchant,Amazon.in,Standard,J0341,J0341-DR-L,Western Dress,L,B099NRCT7B,,0,INR,753.33,PUDUCHERRY,PUDUCHERRY,605008,IN,,FALSE,,
56,407-1069790-7240320,04-30-24,Shipped,Amazon,Amazon.in,Expedited,JNE3671,JNE3671-TU-XXXL,Top,3XL,B098714BZP,Shipped,1,INR,574,CHENNAI,TAMIL NADU,600073,IN,IN Core Free Shipping 2015/04/08 23-48-5-108,FALSE,,
56,407-1069790-7240320,05-30-24,Shipped,Amazon,Amazon.in,Expedited,JNE3671,JNE3671-TU-XXXL,Top,3XL,B098714BZP,Shipped,1,INR,600,CHENNAI,TAMIL NADU,600073,IN,IN Core Free Shipping 2015/04/08 23-48-5-108,FALSE,,
55,403-9615377-8133951,04-30-23,Cancelled,Merchant,Amazon.in,Standard,J0341,J0341-DR-L,Western Dress,L,B099NRCT7B,,0,INR,753.33,PUDUCHERRY,PUDUCHERRY,605008,IN,,FALSE,,
56,407-1069790-7240320,04-30-23,Shipped,Amazon,Amazon.in,Expedited,JNE3671,JNE3671-TU-XXXL,Top,3XL,B098714BZP,Shipped,1,INR,574,CHENNAI,TAMIL NADU,600073,IN,IN Core Free Shipping 2015/04/08 23-48-5-108,FALSE,,
56,407-1069790-7240320,01-30-23,Shipped,Amazon,Amazon.in,Expedited,JNE3671,JNE3671-TU-XXXL,Top,3XL,B098714BZP,Shipped,1,INR,600,CHENNAI,TAMIL NADU,600073,IN,IN Core Free Shipping 2015/04/08 23-48-5-108,FALSE,,
55,403-9615377-8133951,01-30-23,Cancelled,Merchant,Amazon.in,Standard,J0341,J0341-DR-L,Western Dress,L,B099NRCT7B,,0,INR,753.33,PUDUCHERRY,PUDUCHERRY,605008,IN,,FALSE,,
56,407-1069790-7240320,02-30-23,Shipped,Amazon,Amazon.in,Expedited,JNE3671,JNE3671-TU-XXXL,Top,3XL,B098714BZP,Shipped,1,INR,574,CHENNAI,TAMIL NADU,600073,IN,IN Core Free Shipping 2015/04/08 23-48-5-108,FALSE,,
56,407-1069790-7240320,02-30-23,Shipped,Amazon,Amazon.in,Expedited,JNE3671,JNE3671-TU-XXXL,Top,3XL,B098714BZP,Shipped,1,INR,600,CHENNAI,TAMIL NADU,600073,IN,IN Core Free Shipping 2015/04/08 23-48-5-108,FALSE,,
55,403-9615377-8133951,03-30-23,Cancelled,Merchant,Amazon.in,Standard,J0341,J0341-DR-L,Western Dress,L,B099NRCT7B,,0,INR,753.33,PUDUCHERRY,PUDUCHERRY,605008,IN,,FALSE,,
56,407-1069790-7240320,04-30-23,Shipped,Amazon,Amazon.in,Expedited,JNE3671,JNE3671-TU-XXXL,Top,3XL,B098714BZP,Shipped,1,INR,574,CHENNAI,TAMIL NADU,600073,IN,IN Core Free Shipping 2015/04/08 23-48-5-108,FALSE,,
56,407-1069790-7240320,05-30-23,Shipped,Amazon,Amazon.in,Expedited,JNE3671,JNE3671-TU-XXXL,Top,3XL,B098714BZP,Shipped,1,INR,600,CHENNAI,TAMIL NADU,600073,IN,IN Core Free Shipping 2015/04/08 23-48-5-108,FALSE,,
55,403-9615377-8133951,04-30-23,Cancelled,Merchant,Amazon.in,Standard,J0341,J0341-DR-L,Western Dress,L,B099NRCT7B,,0,INR,753.33,PUDUCHERRY,PUDUCHERRY,605008,IN,,FALSE,,
56,407-1069790-7240320,11-30-23,Shipped,Amazon,Amazon.in,Expedited,JNE3671,JNE3671-TU-XXXL,Top,3XL,B098714BZP,Shipped,1,INR,574,CHENNAI,TAMIL NADU,600073,IN,IN Core Free Shipping 2015/04/08 23-48-5-108,FALSE,,
56,407-1069790-7240320,11-30-23,Shipped,Amazon,Amazon.in,Expedited,JNE3671,JNE3671-TU-XXXL,Top,3XL,B098714BZP,Shipped,1,INR,600,CHENNAI,TAMIL NADU,600073,IN,IN Core Free Shipping 2015/04/08 23-48-5-108,FALSE,,
55,403-9615377-8133951,10-30-23,Cancelled,Merchant,Amazon.in,Standard,J0341,J0341-DR-L,Western Dress,L,B099NRCT7B,,0,INR,753.33,PUDUCHERRY,PUDUCHERRY,605008,IN,,FALSE,,
56,407-1069790-7240320,10-30-23,Shipped,Amazon,Amazon.in,Expedited,JNE3671,JNE3671-TU-XXXL,Top,3XL,B098714BZP,Shipped,1,INR,574,CHENNAI,TAMIL NADU,600073,IN,IN Core Free Shipping 2015/04/08 23-48-5-108,FALSE,,
56,407-1069790-7240320,12-30-23,Shipped,Amazon,Amazon.in,Expedited,JNE3671,JNE3671-TU-XXXL,Top,3XL,B098714BZP,Shipped,1,INR,600,CHENNAI,TAMIL NADU,600073,IN,IN Core Free Shipping 2015/04/08 23-48-5-108,FALSE,,
